code,symbol,type,result,pnl,buy_date,sector,max_gain,max_dd,day_max_gain,day_max_dd,breakMA10_day,breakMA10_dd,breakMA20_day,breakMA20_dd,breakMA50_day,breakMA50_dd,failedBO_day,failedBO_dd,lowerHigh_day,lowerHigh_dd,lowerLow_day,lowerLow_dd,volClimax_day,volClimax_dd,climaxTop_day,climaxTop_dd,churning_day,churning_dd,rsDiverg_day,rsDiverg_dd,breakATR_day,breakATR_dd,lateBase_day,lateBase_dd,vni_dist5_day,vni_dist5_dd,vni_dist8_day,vni_dist8_dd,vni_breakMA50_day,vni_breakMA50_dd,sector_weak_day,sector_weak_dd
PVC_2025_12,PVC,btl,win,15.81,2025-12-30,Construction,100.0,-2.61,40.0,1.0,16.0,-2.61,26.0,-2.61,-1.0,,-1.0,,1.0,-2.61,16.0,-2.61,-1.0,,5.0,-2.61,1.0,-2.61,13.0,-2.61,16.0,-2.61,7.0,-2.61,5.0,-2.61,26.0,-2.61,26.0,-2.61,42.0,-2.61
STB_2025_12,STB,btl,lose,-7.07,2025-12-30,Banking,17.0,-14.83,38.0,7.0,3.0,-6.67,6.0,-14.17,-1.0,,-1.0,,1.0,-3.33,4.0,-12.0,4.0,-12.0,-1.0,,1.0,-3.33,2.0,-6.67,4.0,-12.0,28.0,-14.83,5.0,-12.0,26.0,-14.83,26.0,-14.83,1.0,-3.33
G36_2026_01,G36,btl,win,7.02,2026-01-15,Construction,19.83,-16.53,2.0,32.0,6.0,-0.83,16.0,-0.83,31.0,-6.61,-1.0,,3.0,-0.83,7.0,-0.83,27.0,-4.13,-1.0,,-1.0,,4.0,-0.83,5.0,-0.83,-1.0,,1.0,-0.83,16.0,-0.83,16.0,-0.83,-1.0,
DPM_2026_01,DPM,btl,lose,-5.73,2026-01-15,Energy,47.33,-5.97,36.0,7.0,6.0,-1.23,7.0,-5.97,7.0,-5.97,36.0,-5.97,1.0,-1.23,7.0,-5.97,32.0,-5.97,-1.0,,1.0,-1.23,21.0,-5.97,1.0,-1.23,-1.0,,1.0,-1.23,16.0,-5.97,16.0,-5.97,-1.0,
PHR_2026_01,PHR,btl,lose,-5.09,2026-01-16,Misc,5.91,-14.24,28.0,32.0,3.0,-6.82,9.0,-7.42,15.0,-10.91,-1.0,,2.0,-0.76,3.0,-6.82,-1.0,,-1.0,,-1.0,,20.0,-13.33,3.0,-6.82,15.0,-10.91,1.0,-0.76,15.0,-10.91,15.0,-10.91,1.0,-0.76
DGW_2026_01,DGW,btl,lose,-5.53,2026-01-19,Retail,25.46,-13.33,13.0,31.0,5.0,-5.85,25.0,-6.5,29.0,-6.5,-1.0,,2.0,-2.38,5.0,-5.85,-1.0,,-1.0,,-1.0,,24.0,-6.5,3.0,-2.93,5.0,-5.85,2.0,-2.38,14.0,-6.5,14.0,-6.5,28.0,-6.5
NDN_2026_01,NDN,btl,lose,-5.88,2026-01-23,Misc,0.0,-19.49,0.0,27.0,1.0,-5.08,1.0,-5.08,1.0,-5.08,-1.0,,1.0,-5.08,1.0,-5.08,-1.0,,-1.0,,-1.0,,17.0,-8.47,1.0,-5.08,1.0,-5.08,1.0,-5.08,10.0,-7.63,10.0,-7.63,-1.0,
FIT_2026_01,FIT,btl,lose,-5.08,2026-01-23,Misc,3.26,-13.85,1.0,27.0,3.0,-5.3,3.0,-5.3,1.0,-3.46,-1.0,,1.0,-3.46,3.0,-5.3,26.0,-13.24,26.0,-13.24,-1.0,,15.0,-7.33,1.0,-3.46,-1.0,,1.0,-3.46,10.0,-7.13,10.0,-7.13,-1.0,
TTF_2026_01,TTF,btl,lose,-4.75,2026-01-23,Misc,3.28,-16.39,7.0,28.0,1.0,-4.26,1.0,-4.26,1.0,-4.26,-1.0,,1.0,-4.26,1.0,-4.26,-1.0,,-1.0,,-1.0,,16.0,-4.26,3.0,-4.26,-1.0,,1.0,-4.26,10.0,-4.26,10.0,-4.26,-1.0,
VHC_2026_01,VHC,btl,win,0.31,2026-01-30,Misc,8.04,-14.84,2.0,21.0,4.0,-1.85,5.0,-7.26,20.0,-10.66,2.0,-0.93,3.0,-0.93,5.0,-7.26,-1.0,,-1.0,,4.0,-1.85,10.0,-10.05,4.0,-1.85,1.0,-0.93,1.0,-0.93,5.0,-7.26,5.0,-7.26,-1.0,
BIC_2026_01,BIC,btl,win,2.68,2026-01-30,Misc,5.58,-15.77,4.0,21.0,5.0,-6.92,5.0,-6.92,16.0,-11.54,-1.0,,1.0,-6.92,1.0,-6.92,-1.0,,-1.0,,-1.0,,11.0,-8.65,5.0,-6.92,-1.0,,1.0,-6.92,5.0,-6.92,5.0,-6.92,-1.0,
PSX_2026_01,PSX,btl,lose,-10.53,2026-01-30,,,,,,,,,,,,,,,,,,,,,,,,,,,,,,,,,,,,,
CTD_2026_02,CTD,btl,lose,-6.24,2026-02-05,Construction,7.52,-10.26,11.0,17.0,3.0,-6.09,15.0,-6.09,17.0,-10.26,-1.0,,1.0,-4.65,14.0,-6.09,-1.0,,-1.0,,-1.0,,2.0,-6.09,1.0,-4.65,-1.0,,1.0,-4.65,1.0,-4.65,1.0,-4.65,18.0,-10.26
HPG_2026_02,HPG,btl,lose,-6.03,2026-02-05,Steel,7.8,-7.99,9.0,17.0,1.0,-2.72,1.0,-2.72,2.0,-3.09,-1.0,,1.0,-2.72,3.0,-4.17,-1.0,,-1.0,,-1.0,,6.0,-4.17,1.0,-2.72,1.0,-2.72,1.0,-2.72,1.0,-2.72,1.0,-2.72,-1.0,
SZC_2026_02,SZC,btl,lose,-5.87,2026-02-05,Construction,0.0,-23.85,0.0,18.0,3.0,-10.84,13.0,-10.98,15.0,-15.45,-1.0,,1.0,-5.15,12.0,-10.98,-1.0,,-1.0,,-1.0,,7.0,-10.84,2.0,-7.86,3.0,-10.84,1.0,-5.15,1.0,-5.15,1.0,-5.15,-1.0,
DGW_2026_02,DGW,btl,lose,-11.47,2026-02-04,Retail,3.39,-28.57,1.0,19.0,4.0,-13.3,13.0,-14.64,17.0,-22.86,-1.0,,2.0,-6.25,4.0,-13.3,-1.0,,-1.0,,-1.0,,12.0,-14.64,3.0,-6.96,1.0,-4.46,1.0,-4.46,2.0,-6.25,2.0,-6.25,16.0,-22.86
GMD_2026_02,GMD,btl,lose,-4.13,2026-02-04,Logistics,22.1,-6.28,13.0,4.0,15.0,-6.28,18.0,-6.28,-1.0,,-1.0,,1.0,-3.0,4.0,-6.28,-1.0,,-1.0,,-1.0,,-1.0,,14.0,-6.28,-1.0,,1.0,-3.0,2.0,-4.23,2.0,-4.23,7.0,-6.28
PAC_2026_03,PAC,btl,lose,-9.26,2026-03-04,Logistics,4.7,-13.7,7.0,3.0,2.0,-9.98,3.0,-13.7,3.0,-13.7,-1.0,,1.0,-6.07,3.0,-13.7,-1.0,,-1.0,,-1.0,,-1.0,,1.0,-6.07,1.0,-6.07,1.0,-6.07,-1.0,,1.0,-6.07,-1.0,
PLX_2026_01,PLX,atl,win,19.85,2026-01-15,Energy,35.91,-6.56,29.0,36.0,15.0,-3.47,18.0,-3.47,35.0,-3.47,-1.0,,6.0,-3.47,16.0,-3.47,-1.0,,-1.0,,-1.0,,-1.0,,15.0,-3.47,1.0,-3.47,1.0,-3.47,16.0,-3.47,16.0,-3.47,-1.0,
BAF_2026_01,BAF,atl,lose,-6.25,2026-01-15,Agriculture,2.47,-11.57,5.0,33.0,6.0,-1.17,7.0,-2.6,9.0,-7.67,2.0,-0.52,4.0,-0.52,6.0,-1.17,-1.0,,-1.0,,-1.0,,20.0,-8.32,8.0,-6.89,1.0,-0.52,1.0,-0.52,16.0,-8.32,16.0,-8.32,-1.0,
CTG_2026_01,CTG,atl,lose,-8.1,2026-01-12,Banking,4.22,-20.0,2.0,35.0,6.0,-4.82,10.0,-8.31,21.0,-11.69,-1.0,,1.0,-3.61,7.0,-6.02,-1.0,,-1.0,,4.0,-4.82,-1.0,,3.0,-4.58,1.0,-3.61,1.0,-3.61,19.0,-9.88,19.0,-9.88,-1.0,
BSR_2026_01,BSR,atl,win,0.97,2026-01-12,Energy,102.04,-0.51,35.0,1.0,9.0,-0.51,-1.0,,-1.0,,-1.0,,3.0,-0.51,21.0,-0.51,-1.0,,-1.0,,4.0,-0.51,33.0,-0.51,9.0,-0.51,22.0,-0.51,1.0,-0.51,19.0,-0.51,19.0,-0.51,-1.0,
DCL_2026_01,DCL,atl,win,15.96,2026-01-12,Misc,24.57,-2.99,36.0,4.0,27.0,-2.99,29.0,-2.99,-1.0,,-1.0,,1.0,-2.14,27.0,-2.99,-1.0,,-1.0,,-1.0,,14.0,-2.99,30.0,-2.99,1.0,-2.14,1.0,-2.14,19.0,-2.99,19.0,-2.99,1.0,-2.14
PVD_2026_01,PVD,atl,lose,-8.04,2026-01-09,Energy,54.24,-8.64,33.0,11.0,1.0,-5.59,7.0,-5.59,-1.0,,17.0,-8.64,1.0,-5.59,1.0,-5.59,-1.0,,-1.0,,-1.0,,9.0,-5.59,1.0,-5.59,1.0,-5.59,1.0,-5.59,20.0,-8.64,20.0,-8.64,-1.0,
NAF_2026_01,NAF,atl,win,0.52,2026-01-06,Energy,21.33,-4.53,43.0,2.0,11.0,-4.53,41.0,-4.53,-1.0,,26.0,-4.53,1.0,-2.27,2.0,-4.53,-1.0,,-1.0,,-1.0,,2.0,-4.53,21.0,-4.53,1.0,-2.27,2.0,-4.53,23.0,-4.53,23.0,-4.53,-1.0,
PNJ_2026_01,PNJ,atl,win,1.98,2026-01-27,Retail,9.48,-9.48,3.0,10.0,7.0,-2.16,8.0,-6.81,24.0,-9.48,4.0,-1.72,4.0,-1.72,5.0,-2.16,-1.0,,-1.0,,4.0,-1.72,-1.0,,7.0,-2.16,5.0,-2.16,1.0,-1.72,8.0,-6.81,8.0,-6.81,22.0,-9.48
MSR_2026_01,MSR,atl,win,9.93,2026-01-29,Energy,56.59,-14.84,26.0,8.0,6.0,-10.71,-1.0,,-1.0,,-1.0,,3.0,0.0,6.0,-10.71,-1.0,,-1.0,,-1.0,,2.0,0.0,5.0,-2.47,1.0,3.02,1.0,3.02,6.0,-10.71,6.0,-10.71,-1.0,
PVS_2026_01,PVS,atl,win,3.35,2026-01-28,Energy,29.66,-8.74,19.0,27.0,7.0,-3.68,9.0,-4.83,27.0,-8.74,-1.0,,5.0,-3.68,7.0,-3.68,-1.0,,-1.0,,-1.0,,5.0,-3.68,9.0,-4.83,1.0,-3.68,1.0,-3.68,7.0,-3.68,7.0,-3.68,-1.0,
PVB_2026_01,PVB,atl,lose,-4.99,2026-01-28,Energy,11.6,-23.45,19.0,24.0,6.0,-7.47,6.0,-7.47,9.0,-15.98,-1.0,,1.0,-3.35,6.0,-7.47,-1.0,,-1.0,,22.0,-16.75,-1.0,,6.0,-7.47,1.0,-3.35,1.0,-3.35,7.0,-15.72,7.0,-15.72,-1.0,
MWG_2026_01,MWG,atl,lose,-5.11,2026-01-30,Retail,1.61,-17.12,2.0,21.0,5.0,-7.43,16.0,-7.43,19.0,-9.8,-1.0,,3.0,-2.58,5.0,-7.43,-1.0,,-1.0,,-1.0,,14.0,-7.43,5.0,-7.43,1.0,-2.58,1.0,-2.58,5.0,-7.43,5.0,-7.43,19.0,-9.8
BIG_2026_02,BIG,atl,win,19.23,2026-02-12,Misc,30.0,-18.75,3.0,12.0,7.0,-8.75,12.0,-18.75,-1.0,,3.0,0.0,4.0,0.0,7.0,-8.75,-1.0,,2.0,0.0,-1.0,,5.0,0.0,5.0,0.0,-1.0,,1.0,0.0,7.0,-8.75,10.0,-10.0,10.0,-10.0
OIL_2026_03,OIL,atl,lose,-9.31,2026-03-04,Energy,10.59,-22.46,3.0,7.0,4.0,-17.37,7.0,-22.46,-1.0,,-1.0,,1.0,-8.05,5.0,-19.49,-1.0,,-1.0,,-1.0,,-1.0,,4.0,-17.37,1.0,-8.05,1.0,-8.05,-1.0,,1.0,-8.05,-1.0,
POW_2026_03,POW,atl,lose,-9.82,2026-03-03,Energy,1.81,-22.96,1.0,5.0,3.0,-12.39,4.0,-18.13,4.0,-18.13,1.0,-6.95,2.0,-9.37,4.0,-18.13,1.0,-6.95,-1.0,,3.0,-12.39,-1.0,,2.0,-9.37,1.0,-6.95,1.0,-6.95,-1.0,,2.0,-9.37,-1.0,
MSR_2026_03,MSR,atl,lose,-15.13,2026-03-03,Energy,13.1,-19.84,8.0,4.0,4.0,-19.84,-1.0,,-1.0,,-1.0,,1.0,-11.9,4.0,-19.84,-1.0,,-1.0,,-1.0,,-1.0,,2.0,-15.28,1.0,-11.9,1.0,-11.9,-1.0,,2.0,-15.28,-1.0,
